{
  "Ansi 7 Color (Light)" : {
    "Red Component" : 0.3411764705882353,
    "Color Space" : "sRGB",
    "Blue Component" : 0.47450980392156861,
    "Green Component" : 0.32156862745098042
  },
  "Ansi 15 Color (Light)" : {
    "Red Component" : 0.3411764705882353,
    "Color Space" : "sRGB",
    "Blue Component" : 0.47450980392156861,
    "Green Component" : 0.32156862745098042
  },
  "Ansi 2 Color (Light)" : {
    "Red Component" : 0.15686274509803921,
    "Color Space" : "sRGB",
    "Blue Component" : 0.51372549019607838,
    "Green Component" : 0.41176470588235292
  },
  "Bold Color" : {
    "Red Component" : 0.062745101749897003,
    "Color Space" : "sRGB",
    "Blue Component" : 0.062745101749897003,
    "Alpha Component" : 1,
    "Green Component" : 0.062745101749897003
  },
  "Ansi 1 Color (Dark)" : {
    "Red Component" : 0.92156862745098034,
    "Color Space" : "sRGB",
    "Blue Component" : 0.5725490196078431,
    "Green Component" : 0.43529411764705883
  },
  "Use Bright Bold" : true,
  "Ansi 9 Color (Light)" : {
    "Red Component" : 0.70588235294117652,
    "Color Space" : "sRGB",
    "Blue Component" : 0.47843137254901963,
    "Green Component" : 0.38823529411764707
  },
  "Ansi 8 Color (Dark)" : {
    "Red Component" : 0.43137254901960786,
    "Color Space" : "sRGB",
    "Blue Component" : 0.52549019607843139,
    "Green Component" : 0.41568627450980394
  },
  "Background Color" : {
    "Red Component" : 0.97999999999999998,
    "Color Space" : "sRGB",
    "Blue Component" : 0.97999999999999998,
    "Alpha Component" : 1,
    "Green Component" : 0.97999999999999998
  },
  "Columns" : 80,
  "Ansi 8 Color" : {
    "Red Component" : 0.40781760215759277,
    "Color Space" : "sRGB",
    "Blue Component" : 0.4078223705291748,
    "Alpha Component" : 1,
    "Green Component" : 0.40782788395881653
  },
  "Right Option Key Sends" : 0,
  "Ansi 4 Color (Light)" : {
    "Red Component" : 0.33725490196078434,
    "Color Space" : "sRGB",
    "Blue Component" : 0.62352941176470589,
    "Green Component" : 0.58039215686274515
  },
  "Blinking Cursor" : false,
  "Selected Text Color (Light)" : {
    "Red Component" : 0.3411764705882353,
    "Color Space" : "sRGB",
    "Blue Component" : 0.47450980392156861,
    "Green Component" : 0.32156862745098042
  },
  "Selected Text Color (Dark)" : {
    "Red Component" : 0.8784313725490196,
    "Color Space" : "sRGB",
    "Blue Component" : 0.95686274509803926,
    "Green Component" : 0.87058823529411766
  },
  "Ansi 3 Color (Dark)" : {
    "Red Component" : 0.96470588235294119,
    "Color Space" : "sRGB",
    "Blue Component" : 0.46666666666666667,
    "Green Component" : 0.75686274509803919
  },
  "Keyboard Map" : {

  },
  "Visual Bell" : true,
  "Only The Default BG Color Uses Transparency" : false,
  "Cursor Text Color" : {
    "Red Component" : 1,
    "Color Space" : "sRGB",
    "Blue Component" : 1,
    "Alpha Component" : 1,
    "Green Component" : 1
  },
  "Scrollback Lines" : 1000,
  "Selection Color (Light)" : {
    "Red Component" : 0.87450980392156863,
    "Color Space" : "sRGB",
    "Blue Component" : 0.85098039215686272,
    "Green Component" : 0.85490196078431369
  },
  "Ansi 0 Color" : {
    "Red Component" : 0.078431375324726105,
    "Color Space" : "sRGB",
    "Blue Component" : 0.11764705926179886,
    "Alpha Component" : 1,
    "Green Component" : 0.098039217293262482
  },
  "Match Background Color (Dark)" : {
    "Red Component" : 0.99697142839431763,
    "Color Space" : "P3",
    "Blue Component" : 0.32116127014160156,
    "Alpha Component" : 1,
    "Green Component" : 0.98600882291793823
  },
  "Ansi 11 Color (Light)" : {
    "Red Component" : 0.91764705882352937,
    "Color Space" : "sRGB",
    "Blue Component" : 0.20392156862745098,
    "Green Component" : 0.61568627450980395
  },
  "Ansi 5 Color (Dark)" : {
    "Red Component" : 0.7686274509803922,
    "Color Space" : "sRGB",
    "Blue Component" : 0.90588235294117647,
    "Green Component" : 0.65490196078431373
  },
  "Cursor Text Color (Light)" : {
    "Red Component" : 0.98039215686274506,
    "Color Space" : "sRGB",
    "Blue Component" : 0.92941176470588238,
    "Green Component" : 0.95686274509803926
  },
  "Silence Bell" : false,
  "Use Custom Tab Title" : false,
  "Rows" : 25,
  "Guid" : "0DC2B0A6-7EBE-4D3E-9C9D-239497839599",
  "Ansi 14 Color (Dark)" : {
    "Red Component" : 0.91764705882352937,
    "Color Space" : "sRGB",
    "Blue Component" : 0.59215686274509804,
    "Green Component" : 0.60392156862745094
  },
  "Ansi 15 Color (Dark)" : {
    "Red Component" : 0.8784313725490196,
    "Color Space" : "sRGB",
    "Blue Component" : 0.95686274509803926,
    "Green Component" : 0.87058823529411766
  },
  "Ansi 0 Color (Dark)" : {
    "Red Component" : 0.22352941176470589,
    "Color Space" : "sRGB",
    "Blue Component" : 0.32156862745098042,
    "Green Component" : 0.20784313725490197
  },
  "Ambiguous Double Width" : false,
  "Option Key Sends" : 0,
  "Ansi 3 Color" : {
    "Red Component" : 0.78058648109436035,
    "Color Space" : "sRGB",
    "Blue Component" : 0,
    "Alpha Component" : 1,
    "Green Component" : 0.76959484815597534
  },
  "Window Type" : 12,
  "BM Growl" : true,
  "Prompt Before Closing 2" : false,
  "Command" : "",
  "Selected Text Color" : {
    "Red Component" : 0,
    "Color Space" : "sRGB",
    "Blue Component" : 0,
    "Alpha Component" : 1,
    "Green Component" : 0
  },
  "Ansi 14 Color (Light)" : {
    "Red Component" : 0.84313725490196079,
    "Color Space" : "sRGB",
    "Blue Component" : 0.49411764705882355,
    "Green Component" : 0.50980392156862742
  },
  "Cursor Guide Color (Dark)" : {
    "Red Component" : 0.74862593412399292,
    "Color Space" : "P3",
    "Blue Component" : 0.99125725030899048,
    "Alpha Component" : 0.25,
    "Green Component" : 0.92047786712646484
  },
  "Blend" : 0,
  "ASCII Ligatures" : false,
  "Send Code When Idle" : false,
  "Ansi 6 Color" : {
    "Red Component" : 0,
    "Color Space" : "sRGB",
    "Blue Component" : 0.78166204690933228,
    "Alpha Component" : 1,
    "Green Component" : 0.77425903081893921
  },
  "Jobs to Ignore" : [
    "rlogin",
    "ssh",
    "slogin",
    "telnet"
  ],
  "Badge Color (Dark)" : {
    "Red Component" : 0.92929404973983765,
    "Color Space" : "P3",
    "Blue Component" : 0.13960540294647217,
    "Alpha Component" : 0.5,
    "Green Component" : 0.25479039549827576
  },
  "Cursor Color" : {
    "Red Component" : 0,
    "Color Space" : "sRGB",
    "Blue Component" : 0,
    "Alpha Component" : 1,
    "Green Component" : 0
  },
  "Vertical Spacing" : 1,
  "Disable Window Resizing" : true,
  "Close Sessions On End" : true,
  "Selection Color (Dark)" : {
    "Red Component" : 0.26666666666666666,
    "Color Space" : "sRGB",
    "Blue Component" : 0.35294117647058826,
    "Green Component" : 0.25490196078431371
  },
  "Default Bookmark" : "No",
  "Foreground Color (Light)" : {
    "Red Component" : 0.3411764705882353,
    "Color Space" : "sRGB",
    "Blue Component" : 0.47450980392156861,
    "Green Component" : 0.32156862745098042
  },
  "Custom Command" : "No",
  "Background Color (Dark)" : {
    "Red Component" : 0.13725490196078433,
    "Color Space" : "sRGB",
    "Blue Component" : 0.21176470588235294,
    "Green Component" : 0.12941176470588237
  },
  "Ansi 9 Color" : {
    "Red Component" : 0.8659515380859375,
    "Color Space" : "sRGB",
    "Blue Component" : 0.45833224058151245,
    "Alpha Component" : 1,
    "Green Component" : 0.47524076700210571
  },
  "Ansi 14 Color" : {
    "Red Component" : 0.37597531080245972,
    "Color Space" : "sRGB",
    "Blue Component" : 1,
    "Alpha Component" : 1,
    "Green Component" : 0.99263292551040649
  },
  "Flashing Bell" : false,
  "Use Italic Font" : true,
  "Ansi 13 Color (Dark)" : {
    "Red Component" : 0.7686274509803922,
    "Color Space" : "sRGB",
    "Blue Component" : 0.90588235294117647,
    "Green Component" : 0.65490196078431373
  },